-- phpMyAdmin SQL Dump
-- version 5.0.4
-- https://www.phpmyadmin.net/
--
-- Servidor: 127.0.0.1
-- Tiempo de generación: 10-03-2021 a las 07:46:04
-- Versión del servidor: 10.4.17-MariaDB
-- Versión de PHP: 7.3.26

SET SQL_MODE = "NO_AUTO_VALUE_ON_ZERO";
START TRANSACTION;
SET time_zone = "+00:00";


/*!40101 SET @OLD_CHARACTER_SET_CLIENT=@@CHARACTER_SET_CLIENT */;
/*!40101 SET @OLD_CHARACTER_SET_RESULTS=@@CHARACTER_SET_RESULTS */;
/*!40101 SET @OLD_COLLATION_CONNECTION=@@COLLATION_CONNECTION */;
/*!40101 SET NAMES utf8mb4 */;

--
-- Base de datos: `proyecto1`
--

-- --------------------------------------------------------

--
-- Estructura de tabla para la tabla `acudiente`
--

CREATE TABLE `acudiente` (
  `Usuarios_Nu_doc` int(11) NOT NULL
) ENGINE=InnoDB DEFAULT CHARSET=utf8mb4;

--
-- Volcado de datos para la tabla `acudiente`
--

INSERT INTO `acudiente` (`Usuarios_Nu_doc`) VALUES
(23648951);

-- --------------------------------------------------------

--
-- Estructura de tabla para la tabla `administrador`
--

CREATE TABLE `administrador` (
  `Usuarios_Nu_doc` int(11) NOT NULL,
  `Contrato_idContrato` int(11) NOT NULL
) ENGINE=InnoDB DEFAULT CHARSET=utf8mb4;

--
-- Volcado de datos para la tabla `administrador`
--

INSERT INTO `administrador` (`Usuarios_Nu_doc`, `Contrato_idContrato`) VALUES
(1001094975, 103);

-- --------------------------------------------------------

--
-- Estructura de tabla para la tabla `contrato`
--

CREATE TABLE `contrato` (
  `idContrato` int(11) NOT NULL,
  `Estado_cont` varchar(45) NOT NULL
) ENGINE=InnoDB DEFAULT CHARSET=utf8mb4;

--
-- Volcado de datos para la tabla `contrato`
--

INSERT INTO `contrato` (`idContrato`, `Estado_cont`) VALUES
(101, 'Activo'),
(102, 'Activo'),
(103, 'Activo'),
(104, 'Activo');

-- --------------------------------------------------------

--
-- Estructura de tabla para la tabla `curso`
--

CREATE TABLE `curso` (
  `idCurso` int(11) NOT NULL,
  `Estado_cur` varchar(45) NOT NULL
) ENGINE=InnoDB DEFAULT CHARSET=utf8mb4;

--
-- Volcado de datos para la tabla `curso`
--

INSERT INTO `curso` (`idCurso`, `Estado_cur`) VALUES
(202, 'activo'),
(301, 'activo'),
(401, 'activo');

-- --------------------------------------------------------

--
-- Estructura de tabla para la tabla `docente`
--

CREATE TABLE `docente` (
  `Usuarios_Nu_doc` int(11) NOT NULL,
  `Contrato_idContrato` int(11) NOT NULL
) ENGINE=InnoDB DEFAULT CHARSET=utf8mb4;

--
-- Volcado de datos para la tabla `docente`
--

INSERT INTO `docente` (`Usuarios_Nu_doc`, `Contrato_idContrato`) VALUES
(1000320813, 102),
(1001094975, 103);

-- --------------------------------------------------------

--
-- Estructura de tabla para la tabla `estudiante`
--

CREATE TABLE `estudiante` (
  `Usuarios_Nu_doc` int(11) NOT NULL,
  `Matricula_idMatricula` int(11) NOT NULL
) ENGINE=InnoDB DEFAULT CHARSET=utf8mb4;

--
-- Volcado de datos para la tabla `estudiante`
--

INSERT INTO `estudiante` (`Usuarios_Nu_doc`, `Matricula_idMatricula`) VALUES
(78962458, 6001),
(100469875, 6002);

-- --------------------------------------------------------

--
-- Estructura de tabla para la tabla `estudiante_has_acudiente`
--

CREATE TABLE `estudiante_has_acudiente` (
  `Estudiante_Usuarios_Nu_doc` int(11) NOT NULL,
  `Acudiente_Usuarios_Nu_doc` int(11) NOT NULL
) ENGINE=InnoDB DEFAULT CHARSET=utf8mb4;

--
-- Volcado de datos para la tabla `estudiante_has_acudiente`
--

INSERT INTO `estudiante_has_acudiente` (`Estudiante_Usuarios_Nu_doc`, `Acudiente_Usuarios_Nu_doc`) VALUES
(78962458, 23648951),
(100469875, 23648951);

-- --------------------------------------------------------

--
-- Estructura de tabla para la tabla `huellas`
--

CREATE TABLE `huellas` (
  `idHuellas` int(11) NOT NULL,
  `Huella` blob NOT NULL,
  `Fecha_act` datetime NOT NULL,
  `Fecha_inact` datetime NOT NULL
) ENGINE=InnoDB DEFAULT CHARSET=utf8mb4;

--
-- Volcado de datos para la tabla `huellas`
--

INSERT INTO `huellas` (`idHuellas`, `Huella`, `Fecha_act`, `Fecha_inact`) VALUES
(1, 0xffd8ffe000104a46494600010200000100010000ffe0001c4f636164245265763a20313437393720240000000000000000a0ffdb008400020404060806080808080808080808080a0a0a0a0a0a0a0a0a0a0a0a0a0a0a0a0a0a0a0a0c0c0c0c0c0c0c0c0c0c0c0c0c0c0c0c0c0c0c0c0c0c0c0c0c0c0c0c0102080810101010101010202020202040404040404040404040404040404040404040404040404040404040404040404040404040404040404040404040404040ffc00011080190022603012200021101031101ffc400a90001000104030101000000000000000000000805060709020304010a010100020301010000000000000000000000040501020306071000010203030806040c0306040602000001000203041112213105062241516171f007138191a1b132b2c1d108142333344252557273e1f16293d217182445829215163543535474a2b3c2256311010002020202010304030000000000000001020311123113215104416114223271425281ffda000c03010002110311003f00dfe2222022220222202222022220222202222022220222202286fd3265fca1212526f9398892ee891e235c594bc58a8ad56bfbfb44ce6fbca67bc7f4a8737d3a69bc945a3b1d21e72fde733fee6ff4af87a43ce5fbca67bdbee5cbc8ce9bc545a317748d9ca3fcca631da3fa574bba47ce5fbca67fdc3fa53c8cf16f51168adbd236737de533fee6fbb9dabb8f48b9cbf79ccf7b7fa567c8c69bce5f168c7fb45ce5fbce67bdbee5c8f4879cdf79ccf78fe958f233c5bcd45a33fed1339a9ff5399ef6f8e8ae07a45ce6fbce67bdbfd29e438b79cbead143ba4ace36e39526053f89babfd2acd9ee99b2d42ff378ce36a946b9aec31ad05cba736dc5fa0945f9db87d3865b77a39526cd69a34bea76682bf257a52ce18f0cb9994e6b854541dfa2b6e6716fa11682e4ba55ce48d53ff13996915d12454782ac8e92739ab4394e62bf89b7f815a73638b7b68b461fda26737de733deda7aabe1e91739eb765299ff00737fa56be4634de822d189e913396bff005399ef1fd2b89e91739bef29aef1ee4f21a6f41168c7fb44ce6fbce67bc7b91dd22673fde533de3fa53c8c69bce5f168a7fb44ce7fbce67bdb7f82e1fda3e73d7fea733de3dcb1e4678b7b48b442fe91b3a3ef39ac76b7fa79dab87f68d9d3f79ccffb9bee59f231a6f851688ffb47ce6bff00fca4cf78f727f68f9cf4ff00a9cd77b7fa53c8cf16f711688bfb46ce7fbce6bbc77fa2bacf48d9d03fcce6bbdbfd29e438b7c28a0074299cb9572846ca0d9d9a8b322143972cb74d12e745b54a0dde0a7fa9913b7211117460444404444044440444404444044440444404444044440444404444044440444404444044440444404444103fa77159090ffd4c4f516b51d0d6cd7a72a7c4642bff009989ff00c6b5c5d5dca8b276970a3066abf15d45b72ad962f239ba9436ca2bdabc26ef055f0c5e530d1b3c2c6ec5eb0caaee642e69e0aa1d5e8d715ab2a658ece79ee5e62f60759b42bb15a595f2f3613ba960ac6736eedfe21773c562f9e7300eb27a3d8afa166b7ddba95d94e2a4c43af164f9dce2c9f06a1f19b50755fe5c547ace0cf986ed0825cd6fdad64eea61af158d329ce4298d2b0c86c6fa365b6438ed773fae07996973eb5a80a7d6ae931a66099ce98934e10def6428356dba7a54ff00ede0b28e4d664c73341a225b350e79c0017920e1c385f75542a88c5eb11ded140f22efd149d23724d0cab9724c1830e0582ef93240faba56e80eeb8762bde5f2ab5929d657d2644b449bad13a3d94fdf6ebedb15d5a8ba975cabb167dee84196df41aab727175e495fff003c4a4186d2d639d10d4380d4050634e342bce73ea1c4978c5c0b1e1a7a96d09d2a5c5c6bb79db1061c60d882b82af4de8fa2459f34d39ed26f27e76cfb655d11f662124116ea6a286b4d94b95f19273e5f1ac87c26da2f0341d4d1ae34fd54397cd4430e1b6b71baef62cf1992f82d988b04b5a4596b9b686ce3c57298774ccc9f3b0a6a1db6575d411a4355e3b15c7d5ddcf3e6acf123620ba2cb86b1f66ba3e8bf5e937035dbfaabc6563b6231b6ae7d0123561885568ee563debaacaacd12cf3ab52e6d1407435e52d0ae3b372f316f6a32a0585c5cded55c30f62f1f57afb35feeb029b62e5f6c9552eaeee2b958bb1586ca658e7f55f6c1f2fd154482b939bcf72d9aa7afc1fdbfe2329fe5cafad156cc56b6ba051f2f94bf2e57d68ab64aaf69d22c8888a539888880888808888088880888808888088880888808888088880888808888088880888808888088880888821474d43fc1c8ff00ea227a8b5dd642d8cf4cff004292fcf89ea2d7cd9dca8afda4c29661af1165fdeabc5ad5f6ca88e8a0082ba5f082ba033c55262f79239aa0a15c05eb0de5dcee96956d0baafc00afd6dfb8737d163ecedcf86cbdb96843ac9815b4e37b19bb1d23c9aa8413336d7b9d11e5ce7b8e96d3b558d6add9372ee7475c7e4ad5bbcba21c6b5fabb02c711328458b5262171fe335ee563458bf65716cc5f7eb561a392f08b344e8bbb362a14577971aaa197935dcbd30266cde4556ce7b77178d6aa060b6232d5a6b5c3bcaa6cccd35ed14861b4d635aa51468ad4b12db5500b5f75fa9782eadebdd2ac311c5b754b5d43fc4dbd529f09cdb8e28c3be38b2eae35ec5ec86d71656b569e68ba84ac68ce03d225b72a8c8bbaa7bc44c2845972368755bd4df1592326e567428cd894bc78ea35e2b17c6637d20efad72e0c8b5a571baf5aba44b6a79bb96e1cdcab9b81637c0d69e54d8ae58b7064667a4d22ad18614a1bf5f9d0ad6be47ce28f24ead6d36c39bd879e0bd72f9d93ec7122292d27d126ed9828fc1df6da949ccc38ccb4daeba838b4eb071bd55aeb3cf7a81b9033cec02e7d6d07df4facdbb469b94bfc9b96e14cc2b6dab6fbc3a951e279aa8335626abb9cdbf6762eb736bdeba7af6d09adaf3ec5ec65f78d835734515c5e0b1afcd7406deabd63dabcf62f5ab0a581aab81ed5d6585564b574961e76d119520339e79f6f606aa958f2ecdcb8d8f359653aba096fcbe52fcb95f5a2ad8e2d777418da46ca3f972de7116c455f53a43911114a68222202222022220222202222022220222202222022220222202222022220222202222022220222202222086dd3236b2725f9f13d45010316c13a5f6d64e4f7477fa8a0775751c150dfb498528c2e7bd7db2de7c57b8b2f5d365457479cb545ecfdcec7c8c1eae081d7c5696d6fd106a0914d7ed52267e3b5b6584d0bed1ff004b455dece6ab59f9c594fe3d943acc215a2d670181edc7c0938a9354cad581a3db75a88e25ce2ed78b9c6f56146b55dfce0b33c510991dc62d2c53c5d81f6ab319210a24e1861e1b0c36d5a3b85fdaace25adaab0801bfb17d64bda34af7ef576cc4bc1708f1619b2d876036bf59c7679ab11a6fa9bd48573d5158f63b4810a9f695522c57c4205e698705e8f8a3042739eea3feab76a30f0322bc5c35aeb7035bd7a214073bd1bfbee4eaefbf7046555970e69aec04f82eb87a5a152767760be3c110c8031f48fb382ee92786d7bd1bbd92538e84f1b58411cef554ca8d82f6362b3d371f941b0e372b7669871dabcb0a2e839a7eb5315ab7dbc2e78b236eb4b7a95e1025a05870169f16829f646de2a85332ee864dac56ce7a781912e5dad26b55f61b2e5e520d7bd65a3224b1ac3a0a5a57b64ccb51a5a356ae2297df5589a4cbaf2d761b55e0ed2607e831c07695c163594f8c999dd20e634b5ce6c4a54b71a73be8a41c84cc37875935c1c3815a9a919c10a202d738380d971d4a40e40ce130dcdf9420dab142eb3401d763aa9afb35a8b3576d3615602e82ce79ed54fc9b94214cc30e6169375403cee2abe618ef55a84a616f82f2b9879f055b2de7b175757c39dcb9b5522c73cf8afa5aaad62e5f0de8d9363a11f9fca3f972deb455b085affe853e7f287e097f5a2ad802f414e9124444529cc4444044440444404444044440444404444044440444404444044440444404444044440444404444044441117a5dfa1c9fe7bfd45056c29e3d2c36b2929f9cff005141cb21505fb498532c85d2e60fd555ecab0f3872bc19193893114d1adb9a35b9c4d03473c698a8aec8a3d24e5a88c8d0a0c38964f5517acc307d9a70ad3b943074469bf45a5b78bd55b2c6568d942743e2d218a806c82682bdf862adfce48f2c223614b69b5b6aaebbb38ab35b6f4c713734e88f25dc02f449c273c38e900d6e91f20a8d16f68fe1bbdabb25e65ec6b9bf6a95ec53957b74c5c360be8a8400d750ab25d69c5795ac057470975b2956f1559b105ce75755cd1ed54878a1c179a13e8fbd6185fb2f18318f861a34c0a9d74c7d8a8463c3d4054569ed54f8d365c70c1515af28de6ca8c48ee38debaa1388369799afa9daaacd744d5a28e2e11e33de6fc362e4cb0069ab90c6b4dd302d6a3afb950a2b1953a753c2ee08eae222c36d0b1ce0e5dfd6079bed39517134a1d6bdf0db64826b72cb57732d34d29703ad76504471b234bbd738ae24b6fbd7a25275d08e88b249bf69a2d1bbeb65a3c33a42c1c6fa7885536c50e04baf756b6b5d55522c4871cd58d36c8a5e4ab53aa7b1d7df7ac3aae282db1a4fb8e3b15f791e30891e8f7334ad115a00b1598b56534d72eb1f56eaa2c69d62539b34e6fa8b4f645b3d5c5ac46545a890cd6d689c48a574697529be764288d7b6d36f047852bcfbd69520cf4560b4c7b8380368f1bbcae53afa3acef315cf8331128190e1361d6830b55bfbb1506d574b7b4cba73fb2eb217a19118f6da06bad775387eeab1114d0d5d461ebf7aaa160f15c68b0d5317a176d23650fcb96f388a7da823d0e7cf4ffe5cbf9c453b97a0a748b2222296d04444044440444404444044440444404444044440444404444044440444404444044440444404444044441143a57fa24a7e73fd4508dadef5387a551fe1253f39feaa85445f7af3f93b49850a6e6614184e8b15ed63182ae2eb96aeb3bb3a5994328d223cb6521bdc18056f6fdaa7da3ab585b0dcf7876b23cd329f38d0ddb4369a41e00ad39e5482f86f7d5f57437118efa5cb6a2cebf2a44f4d42eb5c609362ba35c7b55a13168f3c5753ad39c573ab80a63cdead51265f61c3061bc1bb5b78af0884fa60752ef841d5bb4afd6ae1b05d5b38ec5996d10b4db5d25d4c6d0f20ab9ccabac1a6ac551843bca6d89abae2de31d6a8275abc5905e61d697154a7cab96db71985b2be155074137ddad7dea8ad9c1e50ea2f862bc9ad495eeea0d17c30161978ed517c73dc6a4926abd9f17752f5eb6403546da52db6b7e2ab72e5f6b4afaed577c9c2faa61b5d6e834964c9cc8b4874a34bafad9d54dfad42b5d754c132c41d5563596d49d45bc1535f05ed75eb2243937c388c34c3bd56a665ade9d1a0607b76ae7cd2fc12c59a40d41a73b97d11aeb26979c75ab9e764dd09dab0a7eaaccb379a9a5f553225516ae9eeeb287779af6936dc031b668077eb548eaaa1ba4aa50603f51a0ade56ee4f64797b3a20da712da80aa92ae88cd2171dbced577cb429710de08170a97bb5f0b95021b83c170f4461ed5c13b8b61d98796da6498d7c4b4f73ecd926a5a39e7152b436eafeeb5279baf8ac9a80f86e369af6903c6fecc56da64e25b82c77f08557673bc395817ae5615469e6ba6c1515092eba1e1f2d3ff82079c453a1420e8887cb4f7e081e7114df5e831f4892222298d0444404444044440444404444044440444404444044440444404444044440444404444044440444404444117fa501fe1257f39deaa85b614d9e933e8b2df9aff55431705437ed261127a54ce06c9e4df8bb3e766ad346e68b36cd75734adeb5213532e8cf2e7bc973a82a770a0a2985d324f448995bab24f57058d681437170abb8eabfdaa15f5c1a6b4b4429b4e9365764294966c0b4e8a6d389d1a6c56e137f6af3be61efbddab05c6d5ad4a535dae4810cb996a82835f3ad5cb2792a3fa4d69bebc379573644c945ec25f50c6d9a0da697798524727c165c2cfd4d976ad839e0bcbe5cba7bac387d6d1766f273a1c13a38eba7158fe04b3ed5ab17579a2d8647c8f2f1194737b357b3debd3239a724316d4df7d557573ad2f86b28251f274cd90e0c361decc6a3cf62e52d92633856c95b2a6e6fc0a0636e00e1a3dbabbd5564f36a59a70ad31edd9aefeea2c7ea27e117c546ba1b9b2e734b8c375756fe1ef54499cdc734fa0471d47deb6ca723c2b34b200d5fa2a446c8128f157c204dc77f376ef34f359cf8d3e1aa56e4089f617319bcf385e56d25b9a701b7b28edcf6dad5b4fbbbb15d7ff2cc2636b66d5f5e7c715de7359cb8636b360e6cc538b4eabf6abc24f34d8586de36a9ee53d62e4161b9c4d7f8682faed547ff008243865d4bc83af1e7c1574e6b2d2b5a30448669c3ea985ac6da06ae2ea785d8ac911b23c30c6b83595a50d45c6d6b5909ad88c6d1ac05bb09a5db7bfc3b550a6e29b14735c0170b8024f107937aac9b2c211f63e49850a643aba4092070bf5d55363c1928b05d5686c404d7ed5aae35f1f31b32ccdcaba33ed8bb13b0ddd8ad17e4d0c775d41b1cd231e079a05bc5969c51f3284a3acb995b54bab5583e6e54c375fb076ef53472864c9770179612da775f571587b28e4aa7a62d02311c3678af4f8b2bca7d461db064b869a8b7d8462aa2237f15db06b56fbdbd5c6a7345f5d661baf6d4505d862bd63e68af19b34b3f56970f7af6ca44b3e957d8ac3f8c8d8076aa9407e97159662c9739a92f2d12618d7456d973410034daaecc30dfe2b697939adea181b402ceac35538ad31e6e4c3193b08b8d1b6aff00c2b72591a3b5f2eddc1a2970d4350d6aa2e9575c76681755155a8bcd676a828095bd12b7e5677f040f388a6ba863d14b7e5a77f040f388a672f418fa45911114c6822220222202222022220222202222022220222202222022220222202222022220222202222022220222208d3d25b6b2d2df9aff005541799ca72b09fd5c58b0e1ba95d2205d8d6f53b7a48fa34b7e6bfd55a7ae94b33a2ce864c4b57afd16befa36c343affc57f6df7ea5437ed3a9087bd2ee56939bca4cf8bb9af6c387473dae05ae35269d9ed50c6216d6b4f259167a44343b4dafb3853c762c731558552eea94b42746882133175164a8192c5a6dd5a1bfdbfb2f1e6986b267ad75086871d2d7c9382bae346730969a55e6d39daff0f37958994aa55967273a1f542e18e88189d478ac9922d2223ab7d75f6d05685619c8cf16c11e8870bb677d567f80cd2a8a6fdb5275fbf86d5e032f6fa4e2e97fb1a08c4570a70bb9c3df5480d35206ea8d8b8c184deaeeae076766ed5ce07d8cbe9c0ddb37f26f54a94b8e599befe7f555f9760befc4ab4e59fa5bfdbac7bd5d6cddc8e7677a9359535d713b0bf705c2c8b38eaf62e968b54adffa2f7b5bdbcf3e2acd4b2f98eae42e17d6a450d7dbbbbf1e2aa9760badd0ff00552368ab6e2b6f546304576f77bbc55caf6f3cd79d7b7c6e1c4e1bb0da1415844adf7401cf973daadf8cc6d36dc55d119d4c369c2fbb0e4ab6631a035fb3ce2a2d96d559f1e1d96173453c6e541b0c7374af25b4e7b7f5a2bb239b5a20dcdfdb7f6954d30682b5d58aae5eb144fc215a96615c39f7ebd6acc8f290cb6b4d3bea31baee7c35aca9374c1c3ec8f11af1f6ecbc0566c687484f2461b37dca6d5bd90db2fe4e10e3da6d6c9e4ab6b29406180c70d82ab2ce71309178be9e5b298ab467a135d22dbfd0ad053862be9549f50f9564afb960ec0f970558818f6af316dfcf72f5c03b752b279c64390b56db66f37538add366848458593a0f58fb4e731a4e375daad5faf5ad31e44986327203dfe8b223091c0ee5bc2cda8ce8b9325621badc163a9f89a0ea5537594f4bc68b9380e762f475772ecb34e2ab115283a2df9d9dfc107d688a632881d17fcece7e083e7114bf5e871f4872222298d044440444404444044440444404444044440444404444044440444404444044440444404444044440444411bba483fe1a5bf35deaa87116131ed2d736ed9ed5323a47fa34b7e6bfd55102234d2ec55064ed2a1a71cfdccc9ac9f36f7d0be5a29739afbcd9151a110d2e35375fa437d544e988440d7d8b723d24653890727466b9f2f48a1d0dad7b0b9ce2e1832fb36a95bc8da6ea2d3f4522f5228b89f70bd7254230e5dcf22ead2b8f82f4b43a238bb8bddecf0ec5c9911a24fab38835aebadd6b5af7c2743101fb5d81d806edfddbd6eb285f9932afb54a3455b4a0bc5e75e387b0d5481c9a6eaebf3d74c79b9477c84eadac2f17f7f98d5c5492c96d3676f3e3efc578acbdbdb63e992a5da4b6847b787b1559b04d7893ce2bc30621d9750ead7cfb5545aebc52faf377382f3b2ed2a8418566fd7d8af084d069b751f62b66135fb39bbb4f37abb215ab5e8de31e4aef5575d526b3d9e487553f75e882dade47382ec74beaaed56aa4975d75eeeee177b57373f6f3cf05dd628dbefe69deb858a6a5d9c5e1a5fad78dc7daaa0f8675539b953dcc89859e79fd1717785162b6a70bfc95bd16154dfac0d46ebeff0072b962976ce35ec54573b1b8ddcdddcab2cbaaad07c2d234ae8e3d9cf8afb12139a2a29dbab5eea2f63a3de747c29af7eb5d511c1de89386a15e7db7282b763aca0d05c36dd7dfb558530fa369f6b5579c790afd9d6e9d9c4907c2b76faf1c163d9d2001ed1e4ace8ccb0065d0d21f7bab8eaf0edf6deacc7cabd92ec79a756fab7b8ac8594a1b9e1ee1ac86f1a6b2b8657643eae1cb7d56c20eaed739b5dbb7f70bdfd1e0f2768ab310748d36ae10db7ef576cc43b515d502ff003e752f2b6173fbab8794e2bdb36b224c4ecec2850c124bdb5fe115c4ecdab7b592647e2d270a0d6bd5b034f1e705a95e8c62ba1e5884c04b591741f4c48f4800755e05768a8d6b716dad39e715517769772e0715cac0a2e1cee50119297a30f9c9cfc107cdea5e2889d18fce4dfe083e6f52ed7a1c7d22c8888a5b4111101111011110111101111011110111101111011110111101111011110111101111011110111101111046ee923e8d2df9cef55448760a5e748bf4796fcd7faaa2510bcf64ed26117f3ef331d9420d591cc274315a5e5a455a4d7baeae18d2ea2d49cee4e7428ce6c4a5a6bdcd37dda268b7ed350c961d58ad2be7eb5bff00159a6b4518d8af0282978f48ddbd6d495cd67d3134769865e2b5a3eb75f71a2e6d8c1b00d6b7792ae063224939ed1a6db9f770d2aee58e224505a7b6aac1236ce1911ed2cb47d2b75bef14a71c7152c326c3d30375786aa28739b3089c41a56979d7c37a9839218742b5e3cdd45e4333dc62b7a6506b5b4bf5dc77f7aaac0b277d69e1b1531cc71d64ebc473cf1550976b758c30f2e77af2a9cb86144d2e4eac0555e12d16ec6f2adf85099a35a634e2abb0a03755549aaaacac08967d8bbcc5d1fd975fc5f5d4f3c3de8200c6b5f0ef56ea4971b577eebba13f5f22e5f4c3d5873cf345e5eaca39aa2e1c1784b06dbb573fb2ed86d34e69ddc1781ecbf11bb8d79ed5d1ae9d715b75fa95b11c8a5fc3b6bc39e042ac4584f27d2f773e6a8316549245bec1bb9dca9ad2baaa88e38e17f6dd556e9878d05f5b873ce2ae189246973ab7f7aa3c56906fd407bbcd56aea1664dc41d655c49c69a89d586ef3deb12656d26e15e17dc3d9cef596a618d73ab676deb13ce39cd86fb22d170231a501c70f3aab9c6e92c03f1ab2f7b09c5f71d835f7ab0a7a6875cfb3d87785e9cb2c7438f8e23cf7856f4763443277fb315f41a3c1e495071885bb0d42a817e151a582a230e046385787e8bdac68379c4d6e2a7a83694dd1c4167c7c4673ac082d2fd77d294038e1bd6dfe1136473e6b5b9d1e6459a7c1166153ac2db2f2068e1688d7e6b63f098430026a4054b76f754295ee5f0aeb0bd0028482937d19b691673f0c1f37a96ea267469f3937f820f9bd4b35e871f48d2222298d044440444404444044440444404444044440444404444044440444404444044440444404444044440444411cba46fa34bfe6bfd5513ca965d22d7e2f2df9aff005544faaa1bf6910e8736a3b0ad62f4a99bee853bd7e8757181a50690a59adabf7d6b41e0b6804a809d334c96be41a0e896cc03aeff0092a623c6be4a1c2d7176d6ac7987b03acbac7d5eca60b1f574dbb28af99d977759ab1c3daad3eac9781bfcfb15fb364a7cd194b500385013538f0a296f92e08ad3485c77777b1612cd594025d8402daeba0c2b422b4fb577fbb159f5868e35752e17d76efbfb705e3323ded179c2864e3d982a8b25cfbf62a7c38ec0dc6ebb8aaa409c84e6b28ec46aa71d7e6bcfe9b4d9df0e13c0be970edf1e772acc173b67bbcabdfe6a9862b351ede77f05d626db751df6b67879dfbc6e5d34e4be1915fc4f3c95cedbf7579f2ee562fc78b48a9d7c15cc269a6fae3bd4c8409aab0d7d7654aef74516682fe68a8d126859e79f1546f8cb46de75959996bc57318f4f62f298b507779f3bd52df30db35389ed54e338ca0d2007b569b6fc552645d2edc7f5e6f5e4896abceda2f3fc6d81baafbfd9b3dca82fca505be93a84dc02e092b80c37735e79e0a871195ae1783cf9af0c4cbd0298de46afdb9a5cba206548714d37786ce6fed5166aed0b627200d2367d2bb56bdc7cbb0efc6d3102cdd6aba80a78766de4e699ab043b55d8eee7f7aac51105ee6968c6bb7b7b70526895c909f3aa039b10df50e15e68b1598d5658afd6af8299997b22366a1920d1cc6120dc30be98a83f158f86e2085ef314bc767f976b1a4b9de0aee92841cf6bcd902a3d2f47c15af0dd75769ee579b65e244b2c8609c05dacfbf9e33ed2878abb6e6730e6a146c9500b2c5a637ab7530ab6ef114fd7159b403b39c39c544ae8c24e34bca88512b7daa8c749a454ddba9b94b7a772a2da2e5aea5c29e7bd7a5a10357a1615c92fd1b8f949bfc107cdea5728a9d1c7cecdfe083e6f52ad5fe3e91e4444531a088880888808888088880888808888088880888808888088880888808888088880888808888088880888823b7489f4796fcd77aaa259a2965d22fd1a5bf35deaa8946aa86fda44056bf3a70610c947591f5e86fba966baf5d462366faec175ef5173a57c9dd7e4673a9f34f6babb061ed5096b87f93538e643732d5aa39b52adfc99296e6e183a4db57d0fbd7ae62d369da79d6b3ae66e4585162c3713406fb3be976afd958f2f4be9afb4829087d5c3d237436ddb3cb6fbd62b9fce07b62dac2a755777bbc7bf3b447b21c377d900eeddfbd543dca73709b11ce6de6b75aa6cbb9f7aa25d6d91e267045eaef73a869eed1b8f99c352b3e1676754749ce34ad3bfc560573a3c78d4d2bcf3829073fd1cc6852b2ef3118e315cfad9c5b70babdfdc54c8c70853965ddfda3c4b14f1fd8d79d4bd0de905b6aa6ed96701bcdfcef5673b24e4d8ad969485063439a8222fc6e2545975fa3d5e950d06aa37b4d5764df471945b28d9a633ac846a4d3114d65b8f812bbdb1c42156f69649ff009d223cdee0471f117acd392738aada3a841bdb8dff00af72d798947c33acd310af1c9995624289427470a56e5516c7f0f4d59f986cde0cd87777bb571e42ec8b358d71a53b76fb376b585327c7736131e2b66976fe3cd752b9c758fbefe75dd8af392993478728e5c870dc74b03b6946efdbab9b9614ca59ed7d966ea1b88e7f4aac719d53c0462c878d6fd9d8b0c7c5e344ad6b7dcafe94f9719f88867987d20c7613500f7dfbfd2e762b66733ca23cdaa9e71e17ab7b22e654e4fc42d82cadf79380c75dfb39d775e50cc27e4f9eff001547cbc1ea1f15b08e9986e23acb16acd5d4aecbee2adeb5acbceded68744ae7862d79143b88f23e2b28c1ce024074275c2f22a765f77678eebf1145c872137351e2c8b224195eb9820b6254be847a27d2d75b379ef571674e694c64988c7b6275909d81bc602b475d4c37ad6f8a1ad32ccb2144ce37b5b4b55a5680e36b50bbdf72ace4aca623bdad3a88aeca73ee58065e661c5875218c70b8e22d68efad49f35937214026257ea37d2ff4df679d98a81c74b865d71a0b3e952a45698e15bf9e14503b38e50b261d5fafa579f3bb1f7ec53d1966cd6845a368ee2ebeebb93bd456ce8941d7b8bab737477f8052714fb5765aee180a521bea5a2f53ab35f369b0e140eb1a439c6d1375686c9d9cd75d5453cde976bb28406ea31a15ad7f5860b6a72d2edf8d4115a0adfb2e18ddecbd6b9efee21d3e9eba8daa79b10a2327dec35a55c7ff00681ffbb7e2a4d2c379225cfc72dd937873b75e6801e7cd6635a53a79bfa99dd9d8076aefaef5f005f79c54a5024bf46e3e526ff041f37a956a29f46ff3937f820f9bd4ac5e829d2348888a5b51111011110111101111011110111101111011110111101111011110111101111011110111101111011110473e91be8d2df9aef5544bad14b6e917e8f2df9aef554492a83276ef0f8d543ca124c98978905de8c405a7b5562f5d6541488697f3ab22321c47168733ab7398e63b16d1c45352e59833d0d93b6221f441a1e2401e27629879ef92a1ba79cd75963633406b8fda35bb65e765f7282ed9099c9f3da62cbaddc6ce237546bdbe2b4adbecfa1cc6e22536f2aca39f068359c093bf9ddb68a3b4e6664471b45e40d9afcb90a5518ad8b290620a10f0c2756a049f147416b834505faaec154649d4fa77a748af91f273326cc3623996ed1b2e0f185e0877386dc4298b2733253904b2ae2cb80ae2de172b1b2d64c64c8d11f282ed7870e7df87a132625c80e64422a356abf9f159add33845a120199a52fd6b8db6d871becb40716f1a78e3c3159b1f1e56140eaead0c6b2cd2a2f1e5ad43c97ca04b4e9137e1c75d39ed57cc3969888eab6106d40a976cdd7edd46e2bb5b26d07f4ff97b23e6b6468ce890dcdb36def24b7d3adff58e1c3b158595b31b23c38158768c4b58977b063e1b8ace3252b0e15c6f3ad71ca90ed5e2ed5e7ece2ab5337efb7566d64e82d95850cb6a5a2f26fdd7f3b4abf2765a131840681770d97dcadbc8b10506377b55dd94490caeaa7763efdeb9695f6df2455859a523311582330d8b6f3506fadf4a9a1bbb7676df8eccec9506cbd9f56ba340e0ed95aeec76e2aaf294b4e61a5ceb43c3f7dbbf05724c3096d41d9cdffa2e3b584ccede2c8ad9382f7f501b0c5abda0505db2e0aeacab9265675ba6ea45b3643c00ea8d86b6853dfbd6259894996da30f4859ad37eddeacf7e538d0fd265f5edc7dde0acb1ddc2f8797bdaff92cd49782f6b9cf690c7975282968fb8e1e57aa56759939982e646d32010d00e04e045e35f37ab09d95ed5a26db6dd6ed58d6e3cf8aa6c06c59a8e1b67ab632d7faa976a27b38a996bb5ae2d305c1cde775bd5f56698876ed47f4c761b966a664beaacb5912ad6b1bab1edf60be94a92b363e5d81ad63745a0792f1c4956dfa34a7f0fbc7377654791336c7918de34681bb79f2f151bf3aa286c51631731c0dc2ed5aefdaa416517b58eec3b8778513b2b3cc78f886d2cb413ac6fe3b75af478a3eeabbb8e684b3e26539760becc46bbb1a6d6ce7b96cce2d61be0385d58b41db773dea21663c8ba5f28beba569973b1fb3757673bc4cd9c358b2ecfb36a21dd62cd3c4f82877f729bd699b726c26b21d769dfaa971dfced572d79e2bc12308b60303bd2a5fc4de7daaa458ac9f33bcfb2ab905d364aeeaae88c937d1c0f949bfc307ff00ba954a29746ff3b37f86179bd4ad57f4e91e4444529a888880888808888088880888808888088880888808888088880888808888088880888808888088880888823a748bf4796fcd7faaa22b8a975d22fd1a5bf35feaa88c55064edde1c6aba0f72ec5d55c5447461fce9c970e63ab2ec47a2efb2e178e78a8519ef2517a963ce9186ff4bb2fd58d16c3f2a42b506bf60daf351b72a64c6cd48c765d69c1e413f680dbc47382a7b76f7182de98fb37e2b9d936c3dd68c37371a6045061da3057ec0b156914b205751a6fe6fda4a8f39af364c4892c7eb42737651cd27b7c7beab28ca4d0b761c70b37fe1d5dc757b532c7dd694fbc32abc977a26ebc77aa3997613782efdf560bd10e234b7d2ecdd5da6f555632c9236e1dfdfdea85354a6494ab2f6b28473fbfe8ab45eebac8a0e1e3ef5536c1040a85eab176a0ba394cad9ab83ab5fd70f6f3ad52a61c5f41bb862bdf3c68ddbbf57763cdeacf74c519b7d9870f6ac2656177e4ad7bab41fa6be698abe675b698dbf102ec55839198e7106fc4f76a3cd3c56459f6fc95054ddc39aa915ea50aff00c9892588114e27cfc4f98c55e70a2070d7dbb79bf9aab06d522915c2bdfb78ef55f958f6a97ead78f66c3fa851a132d0baa24322f6ebafe9c55af312d0de0da635dc7df7f3b15f50a8471e71bd78e24369c6ebefdbfaef5db48112c4efc9d089f406fafa351af5dfe553b554604163356eadd7505de57703b55eef65090283b7671b95aef68db5a9d9ed51a53a25d81a4824d776c1b39aaa7c63601279c155cc46b766add8ac6794e6f449befc757673ec5ac76d18af38e316b5cf351a88e3853bf9d51a1ac88f9b000d2b5f576f3ad666cbafb6f02d1fac69ab59bfcb5ab7b327263e632836a6e8643b76a3dbb3b7585eea7d554f1da6b64c956c8e4e8712c1744b06d7dab66a75918568afbc8393e622c7eba67e71f66cb70b2c6de41175eed7fa2a84cddd5875f65e3c7f714fd564bc95797beff4acdfe27c7c0aaaaa364c9e97c04a7b57daafaad5e14bd7c5f6a57c08c24c7471f3937f86179bd4ab515ba39f9d9bfc107cdea54abfa748f2222294d444440444404444044440444404444044440444404444044440444404444044440444404444044440444411d7a45fa34bfe6bbd55124dea5af48bf4697fcd7faaa255a5437edda1d03f65d6bd0e2ba0e0a0babccf156906fa8d8a34c59799973121186f75ceb2e0d3a5f541adfddaabdf26f8afa547b576b1c7938b5a7ff2bcec935b942256131d3340c756d886fa805c6baeb7dd6afbd5563da871eb5d03fb6ddbced9c19c526d8f936661babf34e2dfc4d169b4ed0140e8e1c610ad2a349baaeaddab9c28b698f4f4f8726e57848cd9b54240aeddf8f0e78acb1062d5bc35d75ac010fac6c4afd96eb15d879ad695593e426890de37fbfcf90bc94bd84c32cc28b7529ae94ddac77fb5763063c3c151615fc2fe3ececa5156dbdb4bd6f0a6958d956a211d7ede3e3dab14b4bcbefad2a3d9ed59ea7a0fc91a8faa79af3dcb14b5ac36695bb137ebdf5e77608b5a5994724b45d75fbb9e7b15f13ae163c0f01b073c559f939871c31a7b87057547804c226f536bd296ff00c982271ce0f34b8548e79ecd6b940894881aede7ceee14d7e0aa33b0eba38e1cf3db855785d105a86ea9275eb14e76f6e2a1afd9625da2cddfaf3fb2e6e611cfeaba201b366fd9b75d68bd0f70a767978aeb0a152a2b746a3106bc6aad48ee0d75faabfb2ae468de3c75ecdbc7b0ab067235e7f8b66de6bfba8932b4ac2df8b1eead71ae3af90b1ae509915a9e3a8d38d79d4aee9c88ea696cb5afc6fe77e0b07654d2d10685e2aebeec6ee778deadb0d7db6c92b2f28cd1896a2daf4ac8a53d2dd8f77bf190598592a34a4cba24c427c364582d7422ed75d846eed15175ea3cb649ee7b1ad22a2c38ff00ab7eaa6353b7bf708723cb46948509ec05ac6b6c9c1cda014208c2ec68bd25de3e6fa62b8f32d7d86b5d524b40ef030f778acfb2b06c436b772b564b204a4189d635ae2edaf71777026edbc6f57ed1458851e5befa76d9d6b890b82e7552552e078aecbae5f42e2ec768b90498e8e4fcacdfe185e6f52a5455e8e3e726ff000c2f37a954af69d238888a5b51111011110111101111011110111101111011110111101111011110111101111011110111101111011110475e913e8f2df9aff554472a5c7489f4796fcd7faaa262f3f93b76879cb5759a2f4909654474742fabd3602e05ab56cf13db506baea16afb2c9ea668b41228e7b5e2b51a24d40ae34ddc56d28b715af6cfe9330a6cb9acf49c4d4635751d5ef27f55d2175867db8cb6942bc5298d470a73deaf092850efd4e1beeee58972546b9b69ce737dff006abddbfc0e58937d5e436d1a115eff006af297abe86c912ed1dc46e06fdc7dcaea850b77e9d876aa0cbb740b80dfb55d10dfa2b9555169517291b32b149fa8c71dea0c43cf084c8adff4e8e178d9c6efdd4fc8d0db121b9ba9c083dbdbfaad43e79e6fcc484eb9aebe1d741db462392ada9112deb7d44b66191b2b417c2644b579fd15e3359598d866d16d2fc766d5a73c9b9db392b4a3ab4e3e3e6bdb379eb3b1850beb79563e1942f253b4c39ccef822259b608a9a5e45dceb3bcee570644cb7066a620c369b4e88e22876015e185fbd6b4ed4ccc45a90493b3b96c23a34cd29a811d939301ad0d69b0d389b42c93d97ae57c71109f4cbbdfa4c47432c057cad5b7f761cf6ab9035a45fbd5bef651dcfbbdaa8f4e112b32705dbaa39d8ac48ad7137d31af3711cdfb164c9ae7b7b79c558b16c5bdf791b7876286b8acb1ee5198b2cb81c1bb39e41c147b989a0629d124daa03706d2a355fe776d372cc5959cdbd80924106bc4e045377eab1045ac32fd1d26d4d7ed1b371f65dec57d8512f2e9c9c4998d2a58b70d8ea5d46834c79e355b8b8428d03b16a0f227ce42a10418d0cbfd1ab9d53aeb8027bb56a5b7e8786d1b55f4bc466fb3bc2f4ae145e8685c946e872f8bbc85c68839ae0edcb985c688c24a7471f3937f86179bd4ab5157a38f9c9bfc107cdea552bea74e0222294d444440444404444044440444404444044440444404444044440444404444044440444404444044440444411e7a42fa3cbfe6bfd5513c852cba42fa34bfe6bbd5513dd8aa0c9dbbc3a688b9d1297a86ddd07f55ce8bb68b895865d45448e90a56911b1a84b4c236a95a0b17971dc07eaa5c1adf558b33bb27998908967d286d7385daace90ed0b64bc73edae491992e978965a6b09cf739e765af45bb79e2b306459ab4186b5716826b4fdf9dea3e880e80d796b9c03e2592d06b713bf6f75fdab28e480f6873ed5a75f4beb4aeedeab3243e8509410a3b5b4b4695da5727e52861e00200231f7ff00f5ed581b28657a40ad08b05adb5bebf6b5ac71132fbacbd96ec545c46cfaa3c7b557c55da6129e3e5786d86697d8b4e37823cf151bf38729439c88f6c500b7aa696876d248af0dfc77d2892f3ce8909ccbcb843867c8d29d9e2ade9d0e7c6a7a2db2355297d7b71c77d7152e218861d9dcc48af2e32ef05818e751d51e8dfbeab1d64fcd8988933d5b9b46b4b6d1dc7629a515919b0886b08b0d36e95beedfe3b6b72c770e6ec442f630b58e2d69b26c9166953756fafeaade2f2a89c11db29b3264b4b4b304286c0f82dbc8bad38dd527fd3ee57764dcb313e2f64bcdb6171693a9a69a2ef1ff00da17818f3f14112c870a9b55c4bc5c39d5e58e266d3580fd773acbc56ad6e3a5b6ea8d6751daa9d72939219c21ff00243d21b355d5c7ddaa9bd5f2c9e05ba46a403ac5d4d447728992f1a14ab9a5ba6f26a35e02be3c57be2e5f69abdae686ead677ebbbdb7ae7c5cb494462d7b473cefd77ab1e76c34924d09b876ab2325e563d6801df26f66389a8eddebbf2dcc388a1f448bf6b778df55038ba30ae5198b0f8a1c34df66e17dc5c6fbbf7b958d3194039aca5cfb45d68ee1407f7c298ab966fe52a625e5ad0dad698bb1a76ac591dd75b70378713feee4f72f4b442b2bb245ac9884e15a31d69d8509adf4a715ba0968969808356900b4df78e04705a59810ed026a4bdf0c59d57834f23b789c56cdf23670c395812f0a68d86384363626a6977a21db1a4dc1d80c0d3157335792cbf64866b573a2f3b5d5beabdba940523a2edc57de715dd722c0e01735f4bbb4ae2165848ee8e3e726ff041f37a952a2cf475f3937f86179bd4a657b4e9c64444529a888880888808888088880888808888088880888808888088880888808888088880888808888088880888823e7483f4797fcc7faaa2510a5af483f4797fcd77aaa2d16dca82fdbb43c7612c6a5ee0d5d4454286e8e95c6e5dc02e54581e6a05c1ec06e5e92175eb5865ad3cf5c86e969f7d9d1854eb1a40ad5af7006c8fe12b1464c9b7b450da77a4d35bbd2bbf4aeb5b13cf9c8426b27c4735b58d01ae7b29f5a97d8a6baddda16b4dd1261911ac7348894b2eadd8d7553678ae9a7b4c3757f2c4bf5ad10d9a2036a407545a239edc5613ca31030b59d60b6d6dd5adc6981edefc5491946b6c3744f58f7fa46fd100134f1a70dcae5859b593e27cb1876acdf7e071af1de3daa97c9a7a798da19c94eb9af0d73cd9763bf1e782cd30a3c1742a5a6b6ae6549a6dc49ee59f20e44c94ea31d2f0c86e0ea1d7c3dabb9d98b92dee751ae6b6834438ebd609a9dbaf0589c8ed5ac7caca90ea6620448423fca1732b5f45cde768f32555599a90df0cd5f5b4e761b87e97f6aba99d1dc8503a13a3c276e75af0f055a85997335b3f1f88187f81b5c4dd6afe6fa0c145994afdbf2c4b19f2d2b5618a0b281a460ea0236ebc6fdfad596dce2956c4895b26b5bce95ca479e8df268be275d149a1d279db85d4e1ee5e8399d91d8da0956923592ed77fdaa1eeef522bfd3499aa11459d82e7447c3a079b14a0a5faf9dca8ed9827ac2e02fa581c0e07629decc8593e1446b592ec6fa55c7da6aadf8f9b3939e223faa687f565c7576dc7c772d3ca89310c2f931e5bd410d7d6d36ba5f66ff11c85907395ec0c71b860fb3ab480340bab24c16c49a0df43e2e1808faa7448650f66e58d33df2d8b4f164561bec87375168239c175ac6e506d2c77d639cd73987eb549d571e6babc4ab672e4d34d98709d69ee201a5d4ba847382f664f89fe19d12cd181ba55c4ebb95b392a91e7aaeba8744ec26ef05ea2b0a199ea19c72440b2c84c6b7d16df77d63d9b77e0a743e5d911820bc5a61845ae691514a614ef51c336327448b10349c22188e77f08dbbc9f0ff72912f8bf2af3a98c20d298d70af3efb4c3ed55f513d42cae8f73ce0326a2e478afa0831dec9573a9e8071a422eade5b83768d6a6e02bf3d79427e2b329468ac73a1c4f8c39c0e0e6bad1a11b085b2ae8eba5364d5257283db0e3d74221a35b12b5b9c6eb246adbe7c6f452279d5735e263852e5eca2a768eaef5c02f559bafdabaca3091fd1c7ce4d7e183e6f52a145ae8ebe726bf0c2f37a94aaf29d388888a5351111011110111101111011110111101111011110111101111011110111101111011110111101111011110600cfefa3cbfe6bbd55170354a5cfef9897fcd77aaa2df0aaa1bf6eafaeaaf312bd4574531505d5f3da871d4be2fbbd187da5e9642ee0bacac0a7be10735cd3af92b55dd2366dc790ca1f1961ac18ee891198d5a194b4d26a7750dcb6b8147fe907368652c98f65488b043df0e82a4dd7b3fd5871b3b17585863b35a7219549b35352e6d96b46a713e978a94d233cc307aba825acbfb3cb9bd40b2e74b4cb61c4d07c1a835db7fbe8b39646cb8d6bbd0f4c6981b29416bcf7dd8aaecb8def292c993330e831ad5f645e3bbf5f1e0abf93b386012eb2fb346dff8b5f3db5561ba3b62c42caeb3671c1d7917de39d8b06650918b0a23ec070692e25da541b05782acac7caee52d2267859780dc5dbf6635e4ae8859eae752fa55f75f7386fd9ed50c5b1223dccb6eddf845e2982e2eeb5efa43b42171a50d71af3c15af1841ff0089f633ab469d635f5a78e0bd0ecb70ed5ee6d6809a5f7637fe8b5d8c6cd322e839d56c46d957cc38b941d11a1d5d1b9ee6fd6270e7f75c6d5fcb58fe93404f0a5aa8717b8d30bb6346d5e09bca2d10e20a8f4487b75f1bfbbf458c65e216c306ff00b476b558aeb66683dc5a2eeb1db6ce3b3bf62aa8aed2d95b274f35b09f5bcc4274880294c35766ebd427ce69e31265d0984b835eeefadf40b38e538eeab43096c30eb448baea0bf0da0ebfd23be4d03e3715e00796bcb995beb64d4f3b17a6c55d7b79ecb6fb2e799988ad92d2f4cfc98e2ca5ddc45eb25e6de4786cea7ac687b892e378facdad2eaf6776b58ba725cc79deaed5ccd2da039d7d35eed6a67662e447c69984f7d4c3800386a0e27eaef56fa56efb9496c8593592d2568816e2e9b85370006fa000575ab027e2881213532fbee738602f68bb1231a0ed37acc3956216b2ce15511fa4ecaac8192dd2c1da6f6b6ad1a8138918f345e8f1d5e266db96b626a339d15eff00b6e71ef355d50235936bb42a5b8df7e0be57c5459776c3b307a5a8f2bd54acf562c0ab5a22127ac86dd5b6d0175d8d30aada4ca4f409884d8905ed88c7ded734d4782fcddc37d29c548eccbcfe9fc951c597b9f2e4e94171d13bc6203b7817d297a856a376f303af5db72c559133b7254fb5ae979a84e7b857ab2f688980fa84da5935c552e9cd257a3bf9c9bfc30bcdea5128b5d1d7ce4d7e183e6f52955cd3a71911114a6a2222022220222202222022220222202222022220222202222022220222202222022220222202222022220c059fc7fc3cbfe63bd55176a54a5cfdfa3c0fcc77aaa2eb805417edd5c28b85572355d2712a1babe2e457c5c561877ae20aeaadca8f35946565d96a3c587099b5ee0d1e25659568958bf39739a4726cb98b32f02a08630116de75b5a3b7b3cf02e7474cb922521c46c07fc623006cd03832bc4815e48345aa3ce3cee9dca730f98998af7d2b65b83403806b7068d541c54fad1b2f6ce59887373b126a1ffdd3d659030fe1f05d32b38c6fca0b662dc0876cd5ced58f25e3524a1e9509b7da1c75aca591e461c473233749a4dab02f34b565b8efdbbb6dd2ad57aca599c32290e0f8910e366faecf4b47ba9bb5159ca14aca98342d1d5bafbfeb5163581929bd5b9e0756c0f15ad2d1a96ddab6e0b2b419b82f7b215345b0cbab414dc29bcdebc3e487aead96742cd58312138b5834b48690eca5dcf72abffcab0585b05830607934bcdfcf7abfa566611617b45a70b3a3db4e1555c394a1b3ac73a85cc166be43b4a82ebca586a5b35e192c8d64187d6340d67f8b446aa6dfdaf98f9b32ed06ce01f6cba9ac61e176e592246758c874751b5d20dd9b782b7f28e506d6ac3646957ecbc3b7f3458d2372961dcbec870acc160abac16dd8507bebfaac39160b47510dcd3680abdf4d5b3b5b71d7ad6578f3cd7cd432eb3a61fb6ae0351c702b11e519ab1021432ef9486d716d0fa766d135c6f1bf0aab8c75696961ece59c7322436b3e6acc4a6d2c247a5bc0563b1ec9597311be9b8110ea3d2b5f5b9f6ab3f2bc773a2d6d38d6f6d4dc1baff55d12c1f1e2da249a16803dcbd97178c9bfb482cdf63cb036cda8f34ed58e34153cf9adabe40c90d9293633eb06696dae2a2bf4679ae1d10cd446e843a0875d64df686dd9bbbd4d99c786c171ddb176840cf6ff00158330d0f8a2b8035502fa516889262649abdf35d537f2e1873a98d71dd4f6cc79d9a743957c40ea179b2dedbb9ee2b5c3d2065cb7119260e8cbb9ee3bdefb23c00c78af451d4a861139fe962b8077b57371ad52a3054eecf6876b5e9116f54f0769e68bb1aebe8b66cb9a5e7e231d69ae735cd35690e2da77296b9b3d2f65592b10e2bbe35081f4221d2ec89e95388214270fbe8bdcd7edbabb161bbf4efd02e7e49e5af8ff0054c890e2c064bf58c7508d3312965c31f44e2078ad8dad0efc0d5e0ce65ffc8c9febcc2df12d1c2444459682222022220222202222022220222202222022220222202222022220222202222022220222202222022220c079fbf4781f98ef5545ca8528f3fbe8f03f31deaa8b455064edda1c095d6b817772c299c99f992b26b1dd64611228c2130873fcc51458ab766aaab1b2c673e4d90865f33198d23ead41793fc2cc4f62d63e7474cd3f324b2507c5e15f87a67f8ad6afdd4369aca51e33c988f74471c5ce35278d55ac62f96cd90e7174e45a4b6420b29f55f171aedb20f754eda8502f3a73df2a4fbab311dce68c1bf545d7d902e1bf7ac66e8855b91dd526a6e563a665e68b32e71ad6aa991225dad7c38f05e6ade88ec8ad8df210dbb619f58abbb37f2c9949a6db71b14386dd5e2b19c57521433bbdaba5efb54235ea494f8b3602329cabc31a62b9ee8adb765a6800bdd43752b5e6ab943ce0696c36b68dd200d3d3b1781778dfad41e853963d204fb1750ca2438c4a9bcdcab6d8a257f5ccd9264eca0c643d17568e36bbc53862bee529e7758e637d188071d1a55db31e75a81d239cbd5b5e0de6252be34bd5d70f3b09880beba2cb23f5e7dea96702e6b9e3e53b8e528ac6b5ad735f65b4366fd5e7cee58be732ff005cd64204dcfecc4d09771f0af647d19d0c64bba8ebed02351a6d1e2b1d3f3a08d16b68d15a6dad2eecda95c0ed6cf5849598ca8d645b0c7073bac36ab7e3dbacf8eeb9619ca394611f9c2e0f850a2875e7e71cf3dfa34bd62d85975ed25f8baea6bbea4ebe2ac39c9c74576bc49ef57d4a69e6b267daa0088916ec2b503152a7347377e35350f532a2dd295a9c00042c379a19204cc7168d070279efa2dbe6636406c1810df6031a1b7568493b6bbf52e569f7a29fb6bca59c325c8c3979764260b9a0f7febe6ad2cb33184217927c16419988c86c25474989da3e24c3dda0d1703b752bfc5578eb4ed40ce39bb0d6426e2db278ad45e589cebe6a3c53ff0071ee3de4a99d9e196dc242245b5a71a239acc6a3cf579a80710f3ed57197d44436ab856eb97206aba4aec182f3eeeed34df45de6f1c85e437737ae55dab2cbd56f4bb9771c7f4f7aa5bbc57d3c106f07e0604fc77383f2327faf32b7e4b40ff02dfa6e707e464ef5e656fe16ae62222302222022220222202222022220222202222022220222202222022220222202222022220222202222022220c019ff00f4797fcc77aab5ed9c59eb9372735dd6c40e8a3086d35776d30df5f7abff00e14d9c1372191f26fc5e2ba118d3715ae2d342436156955f9dc9a9f8b11ce2e7176b3535aef3b545e09309799cfd2f6549cab203fe2d0ddf6296b67a54af751446989f8b15c5d11c5ce24e9576ab71cf5d048f052dd5ea2e5e373d74daee5e627deb2e4f539f72a3c472efaaa7bc9aad5a3cfad71742d25ded557b16961ab2d654cd59a6649949c6b1cf851609738815b2439c2fa5752c1f04ea5bb6cc99264d669cb4b3c10224b4686775a7c4a1eec376d5a89ce4c851b26e51892f13eab8d0ea737515b4ba6d68f154d736fad35aadbdb5bf6af33a9ef5c5d9442b9696b5ef72f2d8b96ce2ea7452bcc6bdeb9bb6ae0561a383b72f641845cfe268bced6159b734320449d9e8509a0d0bafecbf9fdd6b2915aed33fa33cde6bd8d0e663425d8d1bb3b56cb25e1b21b1ad0da35ad68ec182b1f37b23c39396870dad00d96daa0573cecc3190cef51eb56d96fb638cbd3cef4195a9baea28ed9d716cc16400ed2711dbd9cf72caae8969ee88ead960af37a88394f2c7cb4d4e4425ed830dc1bb2dd6c340a9d55155ef315550c139f3946d46852ad369b2f0c5a3ff00ed3e91e75a8e6fd6aa53730f8915cf7bad3e2124f1ad71548a9c179fc96dca63e52ef72fb4e3b97a0357ca6b268a1367168e2b878af8e776a230f8705c09bd7d7134d48ed4b0c377df02cfa66707e464ff005e656fe5680fe0563fc6e707e464ff005e656ff11a08888c088880888808888088880888808888088880888808888088880888808888088880888808888088880888834ddf0c727fe0d91a9ff9e8ff00fc2bf3f64ed2bf565d38f451379d723232f2d370651d2931122b9d158f78707b2c5058d7c56b58fc0d32d7df523fc98def5b3aeda732e1deba5f8782dcabbe06b964ff009cc8ebff00b31bdeb8ff00735cb5f7d48ff263fbd1b6da62715d476ed5b9dfee65967efa91fe4c65f3fb9965afbea47f93196ad1a5a711bd53cfb56eb5ff0002fcb47fcea43f931979ff00b9665afbee43f93196186981bb557212dc5b7e05f96befa91fe4c65ee87f033cb0dff3991fe4c6596cabf46c1dff000396a9140d386f2752c17d32e693a625be3d05b5892fe9ddff006dda45dfe9a78adae66ef42f3923210659d392ef30da05a0c7dfdeae2ca3d11cccc418908cdc102243730e83beb020f9aeb32e4fca9ca9ab483a82f8e682b71c7e06b96044739b96a46c926eea6361debda7e07595fef891fe4c6f7a8ab48b34c0c857e0485d2e81c713fbadcfff00738cb1f7cc97f2632ec77c0eb2c9ff003991fe4c6f7ad4dc348b121df45d42138dd438ade142f81ce551e96579275fff008317deae794f8214db1ed744ca72aea1bc08512fef2b599fc368ac7fb347f93724c78d15ac6b4e916818d2fbb15b7be8ef32848c00f7b075c7037dc3bfcd4b4c8bf06b7cab85a9c967343ad5d09fed3cd55f0fe873395b955b1e0657941222cff857427e166874c6fd20b8d6267b4abcd62355958c5d669761cf9ac3596274e93463ec53da2f45d38e1f4b83fed7ac7f1ba149e7bc1f8f40a5aa9d07dfb15c51e69aedce09a32f2045aa3dedafb29ced5afbcef9da4295966beb659d644fc71348d56ef7397e0f196679f56e5394636ec61c5c01dca3a4ff00c0ff002ec78af88ecb523579ff00c18c6ed415cce48e2da1a4c7d3c5785a0edaadd11f817e5afbee43f931bde8df817e5a07feb521fc98cbcf3b34ce085f0bd6e67fb97e59fbea43f931973fee6396befa91fe4c6465a62a0d6baf5add11f81965bfbea43f931bdeb87f730cb5f7d487f263ac0d2e9a5175d78add19f81765afbee47f9319757f72dcb5f7dc87f263230b8be055f4dce1fc8c9debccadfead6ff40fd084f668c7ca512667a5e704f439663442644658ea5d15c6d5bc6b6eee0b6408d4444460444404444044440444404444044440444404444044440444404444044440444404444044440444404444044440444404444044440444404444044440444404444044440444404444044440444404444044440444404444044440444404444044440444404444044440444404444044440444404444044440444404444044440444404444044440444404444044440444404444044440444404444044440444404444044440444404444044440444404444044440444404444044440444404444044441ffd9, '2021-03-08 23:47:16', '2022-03-08 23:47:16'),
(1010, '', '2021-03-09 23:47:16', '2022-03-08 23:47:16'),
(1011, '', '2021-03-10 23:43:27', '2021-03-10 01:42:27'),
(1012, '', '2021-03-09 23:44:42', '2022-03-08 23:47:16'),
(1013, '', '2021-03-10 23:43:27', '2021-03-10 01:42:27'),
(1014, '', '2021-03-08 23:47:16', '2022-03-08 23:47:16');

-- --------------------------------------------------------

--
-- Estructura de tabla para la tabla `jornada`
--

CREATE TABLE `jornada` (
  `idJornada` int(11) NOT NULL,
  `Hora_entry` varchar(45) NOT NULL,
  `Hora_exit` varchar(45) NOT NULL,
  `Nom_jorn` varchar(45) NOT NULL
) ENGINE=InnoDB DEFAULT CHARSET=utf8mb4;

--
-- Volcado de datos para la tabla `jornada`
--

INSERT INTO `jornada` (`idJornada`, `Hora_entry`, `Hora_exit`, `Nom_jorn`) VALUES
(1, '', '', 'Mañana'),
(2, '', '', 'Tarde'),
(3, '', '', 'Noche');

-- --------------------------------------------------------

--
-- Estructura de tabla para la tabla `marcacion`
--

CREATE TABLE `marcacion` (
  `idMarcacion` int(11) NOT NULL,
  `Hora_entry` datetime NOT NULL,
  `Hora_exit` datetime NOT NULL
) ENGINE=InnoDB DEFAULT CHARSET=utf8mb4;

--
-- Volcado de datos para la tabla `marcacion`
--

INSERT INTO `marcacion` (`idMarcacion`, `Hora_entry`, `Hora_exit`) VALUES
(1, '2021-03-08 23:34:56', '2021-03-08 00:34:56');

-- --------------------------------------------------------

--
-- Estructura de tabla para la tabla `matricula`
--

CREATE TABLE `matricula` (
  `idMatricula` int(11) NOT NULL,
  `Estado` varchar(45) NOT NULL,
  `Jornada_idJornada` int(11) NOT NULL,
  `Curso_idCurso` int(11) NOT NULL
) ENGINE=InnoDB DEFAULT CHARSET=utf8mb4;

--
-- Volcado de datos para la tabla `matricula`
--

INSERT INTO `matricula` (`idMatricula`, `Estado`, `Jornada_idJornada`, `Curso_idCurso`) VALUES
(6001, 'Activo', 1, 401),
(6002, 'Activo', 1, 301);

-- --------------------------------------------------------

--
-- Estructura de tabla para la tabla `pregun_seguridad`
--

CREATE TABLE `pregun_seguridad` (
  `Codigo_pregun` int(8) NOT NULL,
  `Pregunta` varchar(85) NOT NULL
) ENGINE=InnoDB DEFAULT CHARSET=utf8mb4;

--
-- Volcado de datos para la tabla `pregun_seguridad`
--

INSERT INTO `pregun_seguridad` (`Codigo_pregun`, `Pregunta`) VALUES
(1, 'Nombre de su primera mascota');

-- --------------------------------------------------------

--
-- Estructura de tabla para la tabla `rol`
--

CREATE TABLE `rol` (
  `idRol` int(11) NOT NULL,
  `Rol` varchar(45) NOT NULL,
  `Estado_rol` tinyint(4) NOT NULL
) ENGINE=InnoDB DEFAULT CHARSET=utf8mb4;

--
-- Volcado de datos para la tabla `rol`
--

INSERT INTO `rol` (`idRol`, `Rol`, `Estado_rol`) VALUES
(1, 'Admin', 1),
(2, 'docentes', 1),
(3, 'estudiantes', 1),
(4, 'acudientes', 1);

-- --------------------------------------------------------

--
-- Estructura de tabla para la tabla `usuarios`
--

CREATE TABLE `usuarios` (
  `Nu_doc` int(11) NOT NULL,
  `Tipo_doc` varchar(45) NOT NULL,
  `Primer_nom` varchar(45) NOT NULL,
  `Segundo_nom` varchar(45) DEFAULT NULL,
  `Primer_ape` varchar(45) DEFAULT NULL,
  `Segundo_ape` varchar(45) NOT NULL,
  `Num_tel` varchar(45) NOT NULL,
  `Password` varchar(45) NOT NULL,
  `Answer` varchar(45) NOT NULL,
  `rol` int(11) NOT NULL,
  `Pregun_seguridad` int(8) DEFAULT NULL,
  `marcacion` int(11) DEFAULT NULL,
  `id_huella` int(11) DEFAULT NULL
) ENGINE=InnoDB DEFAULT CHARSET=utf8mb4;

--
-- Volcado de datos para la tabla `usuarios`
--

INSERT INTO `usuarios` (`Nu_doc`, `Tipo_doc`, `Primer_nom`, `Segundo_nom`, `Primer_ape`, `Segundo_ape`, `Num_tel`, `Password`, `Answer`, `rol`, `Pregun_seguridad`, `marcacion`, `id_huella`) VALUES
(23648951, 'C.C', 'Diana', NULL, 'Bolivar', 'Castiblanco', '3459875164', 'Sebastian45', 'Pejelagarto', 4, 1, 1, 1014),
(78962458, 'T.I', 'Maria ', 'Ximena', 'Gavilan', 'Sanchez', '3116584975', 'lolita63', 'Yiya', 3, 1, 1, 1012),
(100469875, 'T.I', 'Adriana', ' Katherine', 'Murcia', 'Diaz', '31048597365', 'Pipepto5', 'Kiara', 3, 1, 1, 1013),
(1000320813, 'C.C', 'Luis', 'Felipe', 'Quitian', 'Rodriguez', '3105811933', 'pipelon16', 'Bruno', 2, 1, 1, 1),
(1001048569, 'Cédula', 'Juan', 'Andres', 'Olivares ', 'Hernandez', '3114569812', 'Juanito03', 'Junior', 2, 1, 1, 1011),
(1001094975, 'C.C', 'Miryan', 'Vanessa', 'Bejarano', 'Peña', '3165849254', 'ArVagancia65', 'Caty', 1, 1, 1, 1010);

--
-- Índices para tablas volcadas
--

--
-- Indices de la tabla `acudiente`
--
ALTER TABLE `acudiente`
  ADD KEY `Usuarios_Nu_doc` (`Usuarios_Nu_doc`);

--
-- Indices de la tabla `administrador`
--
ALTER TABLE `administrador`
  ADD KEY `Contrato_idContrato` (`Contrato_idContrato`),
  ADD KEY `Usuarios_Nu_doc` (`Usuarios_Nu_doc`);

--
-- Indices de la tabla `contrato`
--
ALTER TABLE `contrato`
  ADD PRIMARY KEY (`idContrato`);

--
-- Indices de la tabla `curso`
--
ALTER TABLE `curso`
  ADD PRIMARY KEY (`idCurso`);

--
-- Indices de la tabla `docente`
--
ALTER TABLE `docente`
  ADD KEY `Usuarios_Nu_doc` (`Usuarios_Nu_doc`),
  ADD KEY `Contrato_idContrato` (`Contrato_idContrato`);

--
-- Indices de la tabla `estudiante`
--
ALTER TABLE `estudiante`
  ADD KEY `Usuarios_Nu_doc` (`Usuarios_Nu_doc`),
  ADD KEY `Matricula_idMatricula` (`Matricula_idMatricula`);

--
-- Indices de la tabla `estudiante_has_acudiente`
--
ALTER TABLE `estudiante_has_acudiente`
  ADD KEY `Estudiante_Usuarios_Nu_doc` (`Estudiante_Usuarios_Nu_doc`),
  ADD KEY `Acudiente_Usuarios_Nu_doc` (`Acudiente_Usuarios_Nu_doc`);

--
-- Indices de la tabla `huellas`
--
ALTER TABLE `huellas`
  ADD PRIMARY KEY (`idHuellas`);

--
-- Indices de la tabla `jornada`
--
ALTER TABLE `jornada`
  ADD PRIMARY KEY (`idJornada`);

--
-- Indices de la tabla `marcacion`
--
ALTER TABLE `marcacion`
  ADD PRIMARY KEY (`idMarcacion`);

--
-- Indices de la tabla `matricula`
--
ALTER TABLE `matricula`
  ADD PRIMARY KEY (`idMatricula`),
  ADD KEY `Jornada_idJornada` (`Jornada_idJornada`),
  ADD KEY `Curso_idCurso` (`Curso_idCurso`);

--
-- Indices de la tabla `pregun_seguridad`
--
ALTER TABLE `pregun_seguridad`
  ADD PRIMARY KEY (`Codigo_pregun`);

--
-- Indices de la tabla `rol`
--
ALTER TABLE `rol`
  ADD PRIMARY KEY (`idRol`);

--
-- Indices de la tabla `usuarios`
--
ALTER TABLE `usuarios`
  ADD PRIMARY KEY (`Nu_doc`),
  ADD KEY `Pregun_seguridad` (`Pregun_seguridad`),
  ADD KEY `marcacion` (`marcacion`),
  ADD KEY `id_huella` (`id_huella`),
  ADD KEY `rol` (`rol`);

--
-- AUTO_INCREMENT de las tablas volcadas
--

--
-- AUTO_INCREMENT de la tabla `huellas`
--
ALTER TABLE `huellas`
  MODIFY `idHuellas` int(11) NOT NULL AUTO_INCREMENT, AUTO_INCREMENT=1015;

--
-- AUTO_INCREMENT de la tabla `marcacion`
--
ALTER TABLE `marcacion`
  MODIFY `idMarcacion` int(11) NOT NULL AUTO_INCREMENT, AUTO_INCREMENT=2;

--
-- Restricciones para tablas volcadas
--

--
-- Filtros para la tabla `acudiente`
--
ALTER TABLE `acudiente`
  ADD CONSTRAINT `acudiente_ibfk_1` FOREIGN KEY (`Usuarios_Nu_doc`) REFERENCES `usuarios` (`Nu_doc`);

--
-- Filtros para la tabla `administrador`
--
ALTER TABLE `administrador`
  ADD CONSTRAINT `administrador_ibfk_1` FOREIGN KEY (`Usuarios_Nu_doc`) REFERENCES `usuarios` (`Nu_doc`),
  ADD CONSTRAINT `administrador_ibfk_2` FOREIGN KEY (`Contrato_idContrato`) REFERENCES `contrato` (`idContrato`);

--
-- Filtros para la tabla `docente`
--
ALTER TABLE `docente`
  ADD CONSTRAINT `docente_ibfk_1` FOREIGN KEY (`Usuarios_Nu_doc`) REFERENCES `usuarios` (`Nu_doc`),
  ADD CONSTRAINT `docente_ibfk_2` FOREIGN KEY (`Contrato_idContrato`) REFERENCES `contrato` (`idContrato`);

--
-- Filtros para la tabla `estudiante`
--
ALTER TABLE `estudiante`
  ADD CONSTRAINT `estudiante_ibfk_1` FOREIGN KEY (`Usuarios_Nu_doc`) REFERENCES `usuarios` (`Nu_doc`),
  ADD CONSTRAINT `estudiante_ibfk_2` FOREIGN KEY (`Matricula_idMatricula`) REFERENCES `matricula` (`idMatricula`);

--
-- Filtros para la tabla `estudiante_has_acudiente`
--
ALTER TABLE `estudiante_has_acudiente`
  ADD CONSTRAINT `estudiante_has_acudiente_ibfk_1` FOREIGN KEY (`Estudiante_Usuarios_Nu_doc`) REFERENCES `estudiante` (`Usuarios_Nu_doc`),
  ADD CONSTRAINT `estudiante_has_acudiente_ibfk_2` FOREIGN KEY (`Acudiente_Usuarios_Nu_doc`) REFERENCES `acudiente` (`Usuarios_Nu_doc`);

--
-- Filtros para la tabla `matricula`
--
ALTER TABLE `matricula`
  ADD CONSTRAINT `matricula_ibfk_1` FOREIGN KEY (`Curso_idCurso`) REFERENCES `curso` (`idCurso`),
  ADD CONSTRAINT `matricula_ibfk_2` FOREIGN KEY (`Jornada_idJornada`) REFERENCES `jornada` (`idJornada`);

--
-- Filtros para la tabla `usuarios`
--
ALTER TABLE `usuarios`
  ADD CONSTRAINT `usuarios_ibfk_2` FOREIGN KEY (`Pregun_seguridad`) REFERENCES `pregun_seguridad` (`Codigo_pregun`),
  ADD CONSTRAINT `usuarios_ibfk_3` FOREIGN KEY (`marcacion`) REFERENCES `marcacion` (`idMarcacion`),
  ADD CONSTRAINT `usuarios_ibfk_4` FOREIGN KEY (`id_huella`) REFERENCES `huellas` (`idHuellas`),
  ADD CONSTRAINT `usuarios_ibfk_5` FOREIGN KEY (`rol`) REFERENCES `rol` (`idRol`);
COMMIT;

/*!40101 SET CHARACTER_SET_CLIENT=@OLD_CHARACTER_SET_CLIENT */;
/*!40101 SET CHARACTER_SET_RESULTS=@OLD_CHARACTER_SET_RESULTS */;
/*!40101 SET COLLATION_CONNECTION=@OLD_COLLATION_CONNECTION */;
